URL,Categorie,Redenering
https://www.natuurhuisje.nl/vakantiehuisje/90279,Nee,
https://www.natuurhuisje.nl/vakantiehuisje/90261,Ja,
https://www.natuurhuisje.nl/vakantiehuisje/90259,Nee,
https://www.natuurhuisje.nl/vakantiehuisje/90243,Nee,
https://www.natuurhuisje.nl/vakantiehuisje/90236,Nee,
https://www.natuurhuisje.nl/vakantiehuisje/90157,Nee,
https://www.natuurhuisje.nl/vakantiehuisje/90143,Ja,
https://www.natuurhuisje.nl/vakantiehuisje/90114,Ja,
https://www.natuurhuisje.nl/vakantiehuisje/90051,Nee,
https://www.natuurhuisje.nl/vakantiehuisje/24604,Ja,
https://www.natuurhuisje.nl/vakantiehuisje/25468,Ja,
https://www.natuurhuisje.nl/vakantiehuisje/25823,Ja,
https://www.natuurhuisje.nl/vakantiehuisje/26029,Ja,
https://www.natuurhuisje.nl/vakantiehuisje/26123,Nee,
https://www.natuurhuisje.nl/vakantiehuisje/27940,Ja,
https://www.natuurhuisje.nl/vakantiehuisje/29676,Ja,
https://www.natuurhuisje.nl/vakantiehuisje/29661,Ja,
https://www.natuurhuisje.nl/vakantiehuisje/30489,Ja,
https://www.natuurhuisje.nl/vakantiehuisje/30484,Ja,
https://www.natuurhuisje.nl/vakantiehuisje/90050,Nee,
https://www.natuurhuisje.nl/vakantiehuisje/90023,Nee,
https://www.natuurhuisje.nl/vakantiehuisje/89968,Nee,
https://www.natuurhuisje.nl/vakantiehuisje/89926,Nee,
https://www.natuurhuisje.nl/vakantiehuisje/89914,Nee,
https://www.natuurhuisje.nl/vakantiehuisje/89851,Nee,
https://www.natuurhuisje.nl/vakantiehuisje/89790,Nee,
https://www.natuurhuisje.nl/vakantiehuisje/89776,Nee,
https://www.natuurhuisje.nl/vakantiehuisje/89761,Ja,
https://www.natuurhuisje.nl/vakantiehuisje/89758,Nee,
https://www.natuurhuisje.nl/vakantiehuisje/89750,Nee,
https://www.natuurhuisje.nl/vakantiehuisje/89734,Nee,
https://www.natuurhuisje.nl/vakantiehuisje/89728,Nee,
https://www.natuurhuisje.nl/vakantiehuisje/89723,Nee,
https://www.natuurhuisje.nl/vakantiehuisje/65732,Ja,
https://www.natuurhuisje.nl/vakantiehuisje/57867,Ja,
https://www.natuurhuisje.nl/vakantiehuisje/68075,Ja,
https://www.natuurhuisje.nl/vakantiehuisje/90199,Ja,
https://www.natuurhuisje.nl/vakantiehuisje/84103,Ja,
https://www.natuurhuisje.nl/vakantiehuisje/90201,Ja,
https://www.natuurhuisje.nl/vakantiehuisje/73878,Ja,
https://www.natuurhuisje.nl/vakantiehuisje/90339,Ja,
https://www.natuurhuisje.nl/vakantiehuisje/89206,Ja,
https://www.natuurhuisje.nl/vakantiehuisje/54779,Ja,
https://www.natuurhuisje.nl/vakantiehuisje/68046,Ja,
https://www.natuurhuisje.nl/vakantiehuisje/71755,Ja,
https://www.natuurhuisje.nl/vakantiehuisje/30842,Ja,
https://www.natuurhuisje.nl/vakantiehuisje/89851,Nee,
https://www.natuurhuisje.nl/vakantiehuisje/14207,Nee,
https://www.natuurhuisje.nl/vakantiehuisje/88892,Nee,
https://www.natuurhuisje.nl/vakantiehuisje/88917,Nee,
https://www.natuurhuisje.nl/vakantiehuisje/88913,Nee,
https://www.natuurhuisje.nl/vakantiehuisje/88771,Nee,
https://www.natuurhuisje.nl/vakantiehuisje/88761,Ja,
https://www.natuurhuisje.nl/vakantiehuisje/88753,Nee,
https://www.natuurhuisje.nl/vakantiehuisje/88747,Nee,
https://www.natuurhuisje.nl/vakantiehuisje/88728,Ja,
https://www.natuurhuisje.nl/vakantiehuisje/88721,Nee,
https://www.natuurhuisje.nl/vakantiehuisje/88711,Ja,
https://www.natuurhuisje.nl/vakantiehuisje/88591,Nee,
https://www.natuurhuisje.nl/vakantiehuisje/88506,Nee,
https://www.natuurhuisje.nl/vakantiehuisje/88478,Ja,
https://www.natuurhuisje.nl/vakantiehuisje/88398,Nee,
https://www.natuurhuisje.nl/vakantiehuisje/88473,Nee,
https://www.natuurhuisje.nl/vakantiehuisje/88366,Nee,
https://www.natuurhuisje.nl/vakantiehuisje/88305,Nee,
https://www.natuurhuisje.nl/vakantiehuisje/88220,Nee,
https://www.natuurhuisje.nl/vakantiehuisje/88218,Nee,
https://www.natuurhuisje.nl/vakantiehuisje/88190,Nee,
https://www.natuurhuisje.nl/vakantiehuisje/88171,Nee,
https://www.natuurhuisje.nl/vakantiehuisje/88166,Nee,
https://www.natuurhuisje.nl/vakantiehuisje/88139,Nee,
https://www.natuurhuisje.nl/vakantiehuisje/88062,Nee,
https://www.natuurhuisje.nl/vakantiehuisje/88038,Ja,
https://www.natuurhuisje.nl/vakantiehuisje/87856,Nee,
https://www.natuurhuisje.nl/vakantiehuisje/87854,Nee,
https://www.natuurhuisje.nl/vakantiehuisje/87834,Nee,
https://www.natuurhuisje.nl/vakantiehuisje/87825,Nee,
https://www.natuurhuisje.nl/vakantiehuisje/87759,Nee,
https://www.natuurhuisje.nl/vakantiehuisje/87691,Nee,
https://www.natuurhuisje.nl/vakantiehuisje/87637,Nee,
https://www.natuurhuisje.nl/vakantiehuisje/87589,Ja,
https://www.natuurhuisje.nl/vakantiehuisje/87385,Nee,
https://www.natuurhuisje.nl/vakantiehuisje/87342,Nee,
https://www.natuurhuisje.nl/vakantiehuisje/87270,Nee,
https://www.natuurhuisje.nl/vakantiehuisje/74099,Ja,
https://www.natuurhuisje.nl/vakantiehuisje/49932,Ja,
https://www.natuurhuisje.nl/vakantiehuisje/55075,Ja,
https://www.natuurhuisje.nl/vakantiehuisje/32505,Ja,
https://www.natuurhuisje.nl/vakantiehuisje/65143,Ja,
https://www.natuurhuisje.nl/vakantiehuisje/79262,Ja,
https://www.natuurhuisje.nl/vakantiehuisje/67484,Ja,
https://www.natuurhuisje.nl/vakantiehuisje/50071,Ja,
https://www.natuurhuisje.nl/vakantiehuisje/66822,Ja,
https://www.natuurhuisje.nl/vakantiehuisje/70442,Ja,
https://www.natuurhuisje.nl/vakantiehuisje/69044,Ja,
https://www.natuurhuisje.nl/vakantiehuisje/64945,Ja,
https://www.natuurhuisje.nl/vakantiehuisje/51309,Ja,
https://www.natuurhuisje.nl/vakantiehuisje/63314,Ja,
https://www.natuurhuisje.nl/vakantiehuisje/51612,Ja,